Item,Group
Soda,Fresh Food
Cereal,Fresh Food
Chips,Fresh Food
Water,Fresh Food
Ketchup,Fresh Food
Cleaning Spray,Home Care
Plant Fertilizer,Pantry and Household Supplies
Cheese,Fresh Food
Dish Soap,Home Care
Sponges,Home Care
Salmon,Fresh Food
BBQ Sauce,Pantry and Household Supplies
Potatoes,Fresh Food
Pickles,Fresh Food
Toilet Paper,Home Care
Shaving Cream,Home Care
Laundry Detergent,Home Care
Ironing Board,Home Care
Feminine Hygiene Products,Home Care
Razors,Home Care
Garden Hose,Home Care
Ice Cream,Fresh Food
Toothbrush,Home Care
Insect Repellent,Home Care
Bread,Fresh Food
Lawn Mower,Pantry and Household Supplies
Butter,Fresh Food
Paper Towels,Pantry and Household Supplies
Shrimp,Fresh Food
Cleaning Rags,Pantry and Household Supplies
Rice,Fresh Food
Hand Sanitizer,Home Care
Tuna,Fresh Food
Shower Gel,Home Care
Soap,Home Care
Tea,Pantry and Household Supplies
Shampoo,Home Care
Baby Wipes,Home Care
Dustpan,Home Care
Deodorant,Home Care
Coffee,Pantry and Household Supplies
Honey,Pantry and Household Supplies
Peanut Butter,Pantry and Household Supplies
Olive Oil,Pantry and Household Supplies
Vacuum Cleaner,Home Care
Eggs,Fresh Food
Hair Gel,Home Care
Carrots,Fresh Food
Apple,Fresh Food
Mop,Home Care
Spinach,Fresh Food
Chicken,Fresh Food
Tomatoes,Fresh Food
Mustard,Pantry and Household Supplies
Milk,Fresh Food
Broom,Home Care
Trash Bags,Home Care
Orange,Fresh Food
Mayonnaise,Pantry and Household Supplies
Dishware,Pantry and Household Supplies
Toothpaste,Pantry and Household Supplies
Power Strips,Pantry and Household Supplies
Yogurt,Fresh Food
Banana,Fresh Food
Beef,Fresh Food
Bath Towels,Home Care
Air Freshener,Pantry and Household Supplies
Jam,Pantry and Household Supplies
Syrup,Pantry and Household Supplies
Pancake Mix,Pantry and Household Supplies
Tissues,Pantry and Household Supplies
Pasta,Pantry and Household Supplies
Cereal Bars,Pantry and Household Supplies
Vinegar,Pantry and Household Supplies
Canned Soup,Pantry and Household Supplies
Light Bulbs,Pantry and Household Supplies
Trash Cans,Home Care
Iron,Pantry and Household Supplies
Diapers,Home Care
Extension Cords,Pantry and Household Supplies
Onions,Fresh Food
